timestamp,room_humidity_pct,oven_free,power_price
2026-10-05T00:00Z,52,1,0.15
2026-10-05T01:00Z,52,1,0.15
2026-10-05T02:00Z,52,1,0.15
2026-10-05T03:00Z,52,1,0.15
2026-10-05T04:00Z,52,1,0.15
2026-10-05T05:00Z,52,1,0.15
2026-10-05T06:00Z,72,0,0.15
2026-10-05T07:00Z,72,0,0.15
2026-10-05T08:00Z,72,0,0.15
2026-10-05T09:00Z,72,0,0.15
2026-10-05T10:00Z,52,0,0.15
2026-10-05T11:00Z,52,1,0.15
2026-10-05T12:00Z,52,1,0.15
2026-10-05T13:00Z,52,1,0.15
2026-10-05T14:00Z,52,1,0.15
2026-10-05T15:00Z,52,1,0.15
2026-10-05T16:00Z,52,0,0.15
2026-10-05T17:00Z,52,0,0.3
2026-10-05T18:00Z,52,0,0.3
2026-10-05T19:00Z,52,0,0.3
2026-10-05T20:00Z,52,1,0.3
2026-10-05T21:00Z,72,1,0.15
2026-10-05T22:00Z,72,1,0.15
2026-10-05T23:00Z,72,1,0.15
2026-10-06T00:00Z,52,1,0.15
2026-10-06T01:00Z,52,1,0.15
2026-10-06T02:00Z,52,1,0.15
2026-10-06T03:00Z,52,1,0.15
2026-10-06T04:00Z,52,1,0.15
2026-10-06T05:00Z,52,1,0.15
2026-10-06T06:00Z,72,0,0.15
2026-10-06T07:00Z,72,0,0.15
2026-10-06T08:00Z,72,0,0.15
2026-10-06T09:00Z,72,0,0.15
2026-10-06T10:00Z,52,0,0.15
2026-10-06T11:00Z,52,1,0.15
2026-10-06T12:00Z,52,1,0.15
2026-10-06T13:00Z,52,1,0.15
2026-10-06T14:00Z,52,1,0.15
2026-10-06T15:00Z,52,1,0.15
2026-10-06T16:00Z,52,0,0.15
2026-10-06T17:00Z,52,0,0.3
2026-10-06T18:00Z,52,0,0.3
2026-10-06T19:00Z,52,0,0.3
2026-10-06T20:00Z,52,1,0.3
2026-10-06T21:00Z,72,1,0.15
2026-10-06T22:00Z,72,1,0.15
2026-10-06T23:00Z,72,1,0.15
