timestamp,cpu_load,queue_depth
2026-10-05T00:00Z,28,4
2026-10-05T01:00Z,28,4
2026-10-05T02:00Z,28,4
2026-10-05T03:00Z,28,4
2026-10-05T04:00Z,28,4
2026-10-05T05:00Z,28,4
2026-10-05T06:00Z,34,4
2026-10-05T07:00Z,34,4
2026-10-05T08:00Z,34,4
2026-10-05T09:00Z,82,12
2026-10-05T10:00Z,82,12
2026-10-05T11:00Z,82,12
2026-10-05T12:00Z,82,48
2026-10-05T13:00Z,82,48
2026-10-05T14:00Z,82,12
2026-10-05T15:00Z,82,12
2026-10-05T16:00Z,82,12
2026-10-05T17:00Z,82,12
2026-10-05T18:00Z,34,4
2026-10-05T19:00Z,34,4
2026-10-05T20:00Z,28,4
2026-10-05T21:00Z,28,4
2026-10-05T22:00Z,28,4
2026-10-05T23:00Z,28,4
2026-10-06T00:00Z,28,4
2026-10-06T01:00Z,28,4
2026-10-06T02:00Z,28,4
2026-10-06T03:00Z,28,4
2026-10-06T04:00Z,28,4
2026-10-06T05:00Z,28,4
2026-10-06T06:00Z,34,4
2026-10-06T07:00Z,34,4
2026-10-06T08:00Z,34,4
2026-10-06T09:00Z,82,12
2026-10-06T10:00Z,82,12
2026-10-06T11:00Z,82,12
2026-10-06T12:00Z,82,48
2026-10-06T13:00Z,82,48
2026-10-06T14:00Z,82,12
2026-10-06T15:00Z,82,12
2026-10-06T16:00Z,82,12
2026-10-06T17:00Z,82,12
2026-10-06T18:00Z,34,4
2026-10-06T19:00Z,34,4
2026-10-06T20:00Z,28,4
2026-10-06T21:00Z,28,4
2026-10-06T22:00Z,28,4
2026-10-06T23:00Z,28,4
2026-10-07T00:00Z,28,4
2026-10-07T01:00Z,28,4
2026-10-07T02:00Z,28,4
2026-10-07T03:00Z,28,4
2026-10-07T04:00Z,28,4
2026-10-07T05:00Z,28,4
2026-10-07T06:00Z,34,4
2026-10-07T07:00Z,34,4
2026-10-07T08:00Z,34,4
2026-10-07T09:00Z,82,12
2026-10-07T10:00Z,82,12
2026-10-07T11:00Z,82,12
2026-10-07T12:00Z,82,48
2026-10-07T13:00Z,82,48
2026-10-07T14:00Z,82,12
2026-10-07T15:00Z,82,12
2026-10-07T16:00Z,82,12
2026-10-07T17:00Z,82,12
2026-10-07T18:00Z,34,4
2026-10-07T19:00Z,34,4
2026-10-07T20:00Z,28,4
2026-10-07T21:00Z,28,4
2026-10-07T22:00Z,28,4
2026-10-07T23:00Z,28,4
